terrace;treatment;watering;rabbit;plot;label;microsite;lnheightoct14;lnheightmay2014;survival
1;1;1;0;1;86;1;0;-1,7047480922;0
1;1;1;1;1;87;0;0;-1,7917594692;0
1;1;0;1;1;88;1;0;-1,32175584;0
1;1;1;1;1;89;0;0;-0,6931471806;0
1;1;0;1;1;90;0;0;0,4519851237;0
1;1;0;1;1;91;1;0;0;0
1;1;1;1;1;92;1;0;-1,5404450409;0
1;1;1;1;1;93;0;0;-0,4054651081;0
1;1;0;1;1;94;1;0;-1,6739764336;0
1;1;0;1;1;95;0;0;-2,3978952728;0
1;1;0;1;1;96;0;0;0;0
1;1;1;1;1;97;0;0;-0,1177830357;0
1;1;1;1;1;98;1;0;0;0
1;1;0;1;1;99;0;0;0,3184537311;0
1;1;0;1;1;100;0;0;-1,5040773968;0
1;1;0;1;1;101;1;0;-0,4519851237;0
1;1;1;0;1;102;0;0;-1,32175584;0
1;1;1;0;1;103;1;0;0,3364722366;0
1;1;0;1;1;104;0;0;-1,0560526742;0
1;1;0;1;1;105;1;0;-2,4849066498;0
1;1;0;1;1;106;1;0;0;0
1;1;1;1;1;107;0;0;-2,6390573296;0
1;1;1;1;1;108;1;0;-0,5596157879;0
1;1;0;0;1;109;0;0;0;0
1;1;1;1;1;110;1;0;1,0414538748;0
1;1;1;1;1;111;0;0;0,8043728157;0
1;1;1;0;1;112;1;0;0,2548922496;0
1;1;0;1;1;113;0;0;0,2876820725;0
1;1;0;1;1;114;0;0;0;0
1;1;0;1;1;115;0;0;0,1823215568;0
1;1;0;1;1;116;1;0;-0,1541506798;0
1;1;0;1;1;117;0;0;0,5596157879;0
1;1;1;1;1;118;1;0;0;0
1;1;1;1;1;119;1;0;-0,9162907319;0
1;1;0;1;1;120;0;0;0;0
1;1;0;1;1;121;1;0;-0,2876820725;0
1;1;0;1;1;122;0;0;-0,1823215568;0
1;1;1;1;1;123;1;0;-1,2527629685;0
1;1;0;1;1;124;0;0;0;0
1;1;1;1;1;125;0;-0,0307716587;-0,8574502319;1
1;1;1;1;1;126;1;0;-0,3364722366;0
1;1;1;1;1;127;0;0;-0,3566749439;0
1;1;0;1;1;128;1;0;-1,0986122887;0
1;1;0;1;1;129;1;0;-0,9162907319;0
1;1;1;1;1;130;1;0;0,6931471806;0
1;1;1;1;1;131;0;0;-2,1400661635;0
1;1;1;1;1;132;1;0;0;0
1;1;0;1;1;133;1;0;2,302585093;0
1;1;1;1;1;134;0;0;-1,6094379124;0
1;1;0;1;1;135;0;0;1,0498221245;0
1;1;1;1;1;136;1;0;0,6931471806;0
1;1;0;1;1;137;0;0;0,2623642645;0
1;1;0;1;1;138;0;0;-1,2527629685;0
1;1;0;1;1;139;1;0;0;0
1;1;1;1;1;140;0;0;0,2231435513;0
1;1;1;0;1;141;0;0;0,1823215568;0
1;1;1;0;1;142;1;0;0;0
1;1;1;1;1;143;1;0;0;0
1;1;1;0;1;144;0;0;0,0953101798;0
1;1;0;1;1;145;1;0;0;0
1;1;0;1;1;146;0;0;0,6061358036;0
1;1;1;1;1;147;0;0;0;0
1;1;0;1;1;148;1;0;-1,1786549963;0
1;1;1;1;1;149;1;0;0;0
1;1;1;1;1;150;0;0;0;0
1;1;1;1;1;151;1;0;0;0
1;1;0;1;1;152;1;0;-0,3528213746;0
1;1;0;1;1;153;1;0;0,6931471806;0
1;1;0;1;1;154;0;0;-0,4054651081;0
1;1;1;1;1;155;0;0;-1,4469189829;0
1;1;1;1;1;156;1;0;-0,2513144283;0
1;1;0;1;1;157;1;0;-0,1823215568;0
1;1;1;1;1;158;0;0;-2,302585093;0
1;1;0;1;1;159;0;0;0,4054651081;0
1;1;0;1;1;160;1;0;1,1130010261;0
1;1;0;1;1;161;1;0;-1,6739764336;0
1;1;1;1;1;162;0;0;0;0
1;1;1;1;1;163;0;0;0;0
1;1;1;1;1;164;1;-1,5040773968;-1,5040773968;1
1;1;0;1;1;165;1;0;0;0
1;0;0;1;2;166;1;0;0,1823215568;0
1;0;1;1;2;167;1;0;-0,2876820725;0
1;0;0;1;2;168;0;0;-2,4849066498;0
1;0;0;1;2;169;1;0;-0,6931471806;0
1;0;0;0;2;170;1;0;0,3254224004;0
1;0;1;1;2;171;0;0;-1,4469189829;0
1;0;1;1;2;172;1;0;-1,3862943611;0
1;0;0;1;2;173;0;0;0;0
1;0;0;1;2;174;1;0;0,3566749439;0
1;0;0;1;2;175;1;0;-0,2876820725;0
1;0;0;0;2;176;1;0;0,4700036292;0
1;0;0;1;2;177;1;0,4054651081;0,1541506798;1
1;0;0;1;2;178;1;0;0;0
1;0;1;1;2;179;1;0;-0,5596157879;0
1;0;1;1;2;180;0;0;0;0
1;0;1;1;2;181;1;0;0;0
1;0;0;1;2;182;0;0;-0,2231435513;0
1;0;0;1;2;183;0;-0,4054651081;-0,1177830357;1
1;0;0;1;2;184;0;0;-0,6931471806;0
1;0;1;1;2;185;1;-0,9162907319;-0,9162907319;1
1;0;0;1;2;186;0;0;0;0
1;0;1;1;2;187;0;0;-0,4418327523;0
1;0;1;1;2;188;0;0;-0,2623642645;0
1;0;0;0;2;189;0;0;0;0
1;0;1;1;2;190;0;0;-1,9459101491;0
1;0;0;0;2;191;1;0;-0,1823215568;0
1;0;1;0;2;192;1;0;0,4418327523;0
1;0;1;1;2;193;1;0;0;0
1;0;0;1;2;194;0;0;0;0
1;0;0;1;2;195;0;0;1,1786549963;0
1;0;0;1;2;196;0;0;0;0
1;0;1;1;2;197;0;0;0,1541506798;0
1;0;1;1;2;198;0;0;-0,2231435513;0
1;0;0;1;2;199;0;0;0,2876820725;0
1;0;1;1;2;200;0;0;0;0
1;0;1;1;2;1201;0;0;0,4054651081;0
1;0;0;1;2;1202;1;0;-0,8649974375;0
1;0;1;1;2;1203;0;0;0;0
1;0;1;1;2;1204;0;0;0;0
1;0;1;1;2;1205;0;0;0;0
1;0;1;1;2;1206;0;0;0;0
1;0;1;1;2;1207;0;0;0,4054651081;0
1;0;0;1;2;1208;0;0;0;0
1;0;1;1;2;1209;0;0;0;0
1;0;0;1;2;1210;0;0;0;0
1;0;0;0;2;1211;1;0;0,5679840376;0
1;0;0;1;2;1212;0;0;0,4418327523;0
1;0;1;1;2;1213;1;0;0,9444616088;0
1;0;0;1;2;1214;0;0;-0,2623642645;0
1;0;1;0;2;1215;1;0;0;0
1;0;1;1;2;1216;0;0;-0,2876820725;0
1;0;1;0;2;1217;0;0;0,087011377;0
1;0;1;1;2;1218;1;0;0;0
1;0;1;1;2;1219;1;0;-1,2039728043;0
1;0;0;1;2;1220;1;0;0;0
1;0;0;1;2;1221;0;0;0;0
1;0;1;1;2;1222;1;0;0;0
1;0;1;1;2;1223;0;0;0;0
1;0;1;1;2;1224;1;0;0;0
1;0;1;1;2;1225;0;0;-0,2513144283;0
1;0;0;1;2;1226;0;0;-1,2039728043;0
1;0;1;1;2;1227;0;0;0;0
1;0;0;1;2;1228;1;0;-1,3862943611;0
1;0;1;1;2;1229;0;0;-0,1823215568;0
1;0;0;1;2;1230;1;0;-1,0116009117;0
1;0;0;1;2;1231;1;0;0,2411620568;0
1;0;0;1;2;1232;0;0;0;0
1;0;0;1;2;1233;1;0;0,1133286853;0
1;0;0;0;2;1234;1;0;0;0
1;0;0;1;2;1235;0;0;-0,3566749439;0
1;0;0;1;2;1236;0;0;-1,32175584;0
1;0;0;1;2;1237;1;0;0;0
1;0;1;1;2;1238;1;0;0;0
1;0;1;1;2;1239;0;0;0;0
1;0;1;1;2;1240;1;0;-0,4700036292;0
1;0;0;0;2;1241;0;0;0;0
1;0;1;1;2;1242;1;0;-0,2876820725;0
1;0;1;1;2;1243;1;0;-0,5108256238;0
1;0;0;1;2;879;1;0;0;0
1;0;1;1;2;1218a;1;0;0;0
1;2;1;0;3;1251;1;0;0,2411620568;1
1;2;0;0;3;1252;1;0;-0,6286086594;0
1;2;0;0;3;1253;1;0;-0,1053605157;0
1;2;1;0;3;1254;0;0;0,2876820725;0
1;2;1;0;3;1255;0;-1,2039728043;-1,2039728043;1
1;2;0;0;3;1256;1;0;-0,1823215568;0
1;2;1;0;3;1257;0;-0,1177830357;0,2876820725;1
1;2;1;0;3;1258;1;0,1053605157;0,1053605157;1
1;2;0;0;3;1259;0;0;-1,0296194172;0
1;2;1;0;3;1260;0;-0,6190392084;-0,7731898882;1
1;2;0;0;3;1261;1;0;-1,6094379124;0
1;2;0;0;3;1262;1;0;-1,1631508098;0
1;2;1;0;3;1263;0;0;-2,1400661635;0
1;2;1;0;3;1264;0;-1,2039728043;-0,9162907319;1
1;2;0;0;3;1265;1;1,7917594692;1,8971199849;1
1;2;0;0;3;1266;1;0,1335313926;0,4519851237;1
1;2;0;0;3;1267;1;0;0;0
1;2;0;0;3;1268;1;0;-0,1541506798;0
1;2;0;0;3;1269;0;0;0;0
1;2;0;0;3;1270;1;0;-0,5108256238;0
1;2;1;0;3;1271;0;-1,4663370688;-1,4663370688;1
1;2;1;0;3;1272;1;0;-0,6061358036;0
1;2;1;0;3;1273;0;0;-0,955511445;0
1;2;1;0;3;1274;0;-0,2876820725;-0,1335313926;1
1;2;0;0;3;1275;1;-0,6061358036;-0,4519851237;1
1;2;0;0;3;1276;0;0;-1,0296194172;0
1;2;0;0;3;1277;0;0,0425596144;0,0425596144;1
1;2;0;0;3;1278;1;0;0,6418538862;0
1;2;1;0;3;1279;0;1,3862943611;1,2992829841;1
1;2;1;0;3;1280;1;0;0,6931471806;0
1;2;1;0;3;1281;0;-0,5108256238;-0,2231435513;1
1;2;1;0;3;1282;1;0;-0,1053605157;0
1;2;0;0;3;1283;1;0;0,4795730803;0
1;2;0;0;3;1284;0;0;-0,0606246218;0
1;2;0;0;3;1285;1;0;0,2006706955;0
1;2;1;0;3;1286;1;0,1823215568;0,1823215568;1
1;2;0;0;3;1287;0;0;-0,9162907319;0
1;2;0;0;3;1288;0;0;-1,2527629685;0
1;2;1;0;3;1289;1;-1,2992829841;-1,0116009117;1
1;2;0;0;3;1290;1;-0,7884573604;0,9694005572;1
1;2;1;0;3;1291;0;-0,4700036292;-0,1335313926;1
1;2;0;0;3;1292;0;0;0,5389965007;0
1;2;0;0;3;1293;0;-1,4170660198;-1,4170660198;1
1;2;0;0;3;1294;0;0;0,2076393648;0
1;2;0;0;3;1295;0;0;-1,558144618;0
1;2;1;0;3;1296;1;0;-1,6094379124;0
1;2;1;0;3;1297;0;0;0;0
1;2;0;0;3;1298;0;0;-1,32175584;0
1;2;1;0;3;1299;1;0;-0,9162907319;0
1;2;1;0;3;1300;1;0;-0,1718502569;0
1;2;1;0;3;1301;0;0;-1,2039728043;0
1;2;1;0;3;1302;0;0;-1,3862943611;0
1;2;1;0;3;1303;0;0;1,6486586256;0
1;2;1;0;3;1304;0;0;-2,0476928434;0
1;2;1;0;3;1305;0;0;0;0
1;2;0;0;3;1306;0;0;-2,0794415417;0
1;2;0;0;3;1307;0;0,5108256238;0,5108256238;1
1;2;0;0;3;1308;0;0;-0,1823215568;0
1;2;1;0;3;1309;0;0;-1,6094379124;0
1;2;1;0;3;1310;1;0;1,3862943611;0
1;2;0;0;3;1311;1;0;0,5679840376;0
1;2;0;0;3;1312;1;0;0,887303195;0
1;2;1;0;3;1313;1;0;0,5653138091;0
1;2;0;0;3;1314;0;0;-0,7339691751;0
1;2;1;0;3;1315;1;0;-0,4519851237;0
1;2;1;0;3;1316;1;0;-0,6190392084;0
1;2;1;0;3;1317;1;0;0;0
1;2;1;0;3;1318;1;0;-0,3364722366;0
1;2;0;0;3;1319;1;0;0;0
1;2;0;0;3;1320;1;0;-0,3364722366;0
1;2;1;0;3;1321;0;0;0;0
1;2;0;0;3;1322;0;0;-2,3978952728;0
1;2;1;0;3;1323;0;0,2231435513;0,2231435513;1
1;2;0;0;3;1324;0;-0,2876820725;-0,2876820725;1
1;2;1;0;3;1325;1;0;0,3184537311;0
1;2;0;0;3;1326;1;0;0;1
1;2;1;0;3;1327;1;0;-0,5108256238;0
1;2;0;0;3;1328;0;0;0,1823215568;0
2;2;0;0;5;561;0;0;0;0
2;2;0;0;5;562;1;0;0,087011377;1
2;2;0;0;5;563;1;0;-0,3184537311;0
2;2;0;0;5;564;1;0;-0,1541506798;0
2;2;1;0;5;565;0;0;0,0689928715;0
2;2;0;0;5;566;1;0;0,1053605157;0
2;2;1;0;5;567;1;0;0,2231435513;0
2;2;1;0;5;568;0;-0,2876820725;-0,087011377;1
2;2;1;0;5;569;0;0;0;0
2;2;1;0;5;570;0;0;-0,6931471806;0
2;2;0;0;5;571;1;0;0;0
2;2;1;0;5;572;0;0;0,6190392084;0
2;2;1;0;5;573;0;0;0;0
2;2;1;0;5;574;1;0;0,3364722366;0
2;2;0;0;5;575;1;0;0,087011377;0
2;2;1;0;5;576;0;0;-2,4849066498;0
2;2;1;0;5;577;0;0;0,0953101798;0
2;2;0;0;5;578;1;0;0;0
2;2;1;0;5;579;0;0;0;0
2;2;1;0;5;580;1;0;-0,6466271649;0
2;2;1;0;5;581;1;0;0;0
2;2;0;0;5;582;0;0;-0,0800427077;0
2;2;0;0;5;583;1;0;-0,4418327523;0
2;2;0;0;5;584;1;0,980829253;1,0216512475;1
2;2;0;0;5;585;1;0;0,2006706955;0
2;2;1;0;5;586;1;0;-0,2623642645;0
2;2;1;0;5;587;0;0;0,4855078158;0
2;2;0;0;5;588;1;0;-0,2231435513;0
2;2;0;0;5;589;0;0;0,1823215568;0
2;2;0;0;5;590;0;0;0,3364722366;1
2;2;0;0;5;591;0;0;-0,3364722366;0
2;2;1;0;5;592;0;-0,1335313926;-0,1335313926;1
2;2;0;0;5;593;0;-0,2006706955;-0,2006706955;1
2;2;1;0;5;594;1;-0,6931471806;-0,3566749439;1
2;2;0;0;5;595;0;0;-0,3364722366;0
2;2;1;0;5;596;1;-0,0540672213;-0,0540672213;1
2;2;1;0;5;597;0;-0,2876820725;-0,1335313926;1
2;2;1;0;5;598;1;0,3364722366;0,4054651081;1
2;2;0;0;5;599;0;0;-0,7731898882;0
2;2;1;0;5;600;1;0;0;0
2;2;0;0;5;601;0;0;-2,9957322736;0
2;2;0;0;5;602;1;0;-0,6931471806;0
2;2;0;0;5;603;0;0;-0,1335313926;0
2;2;1;0;5;604;0;-0,1053605157;0;1
2;2;1;0;5;605;1;0,2231435513;0,2231435513;1
2;2;1;0;5;606;1;0;0,1823215568;0
2;2;0;0;5;607;0;0;-0,4054651081;0
2;2;1;0;5;608;0;0;-0,9162907319;0
2;2;1;0;5;609;1;0;-1,0116009117;0
2;2;0;0;5;610;1;0;0,4054651081;0
2;2;0;0;5;611;0;0;0;0
2;2;1;0;5;612;1;0;-0,2231435513;0
2;2;0;0;5;613;1;0;0;0
2;2;0;0;5;614;1;0;0,6359887667;0
2;2;0;0;5;615;0;0;-0,9162907319;0
2;2;0;0;5;616;0;0;-0,2076393648;0
2;2;0;0;5;617;0;-0,1177830357;-0,2513144283;1
2;2;0;0;5;618;1;-0,1335313926;0;1
2;2;0;0;5;619;0;0,8109302162;0,6931471806;1
2;2;1;0;5;620;1;-0,1335313926;0;1
2;2;1;0;5;621;0;-0,3364722366;0;1
2;2;1;0;5;622;0;1,0986122887;1,2039728043;1
2;2;1;0;5;623;1;-1,2527629685;-1,6582280766;1
2;2;1;0;5;624;0;-0,5108256238;-0,3566749439;1
2;2;0;0;5;625;1;0,1177830357;0,1177830357;1
2;2;1;0;5;626;1;0;-0,3364722366;0
2;2;1;0;5;627;0;-0,3184537311;0,087011377;1
2;2;0;0;5;628;0;0;-0,4054651081;0
2;2;0;0;5;629;1;0,3746934494;0,3746934494;1
2;2;0;0;5;630;1;0;0,1823215568;0
2;2;1;0;5;631;0;0;-0,9162907319;0
2;2;1;0;5;632;1;0;0,0741079722;0
2;2;0;0;5;633;0;0;-1,7047480922;0
2;2;0;0;5;634;0;-0,3364722366;-0,1541506798;1
2;2;1;0;5;635;1;0,0953101798;0,0953101798;1
2;2;1;0;5;636;0;0;0;0
2;2;0;0;5;637;1;-0,4700036292;-0,6931471806;1
2;2;0;0;5;638;1;-0,1177830357;-0,1177830357;1
2;0;1;0;6;481;0;0,9985288301;1,0498221245;1
2;0;1;0;6;482;1;0,8472978604;0,7985076962;1
2;0;0;0;6;483;0;0;0,087011377;0
2;0;0;0;6;484;1;0;0,7537718024;0
2;0;0;0;6;485;1;0;0,2876820725;0
2;0;0;0;6;486;0;0,2682639866;0,3794896217;1
2;0;1;0;6;487;0;0,6931471806;0,7537718024;1
2;0;0;0;6;488;1;0,8979415932;0,4924764851;1
2;0;1;0;6;489;0;0,2336148512;0,2336148512;1
2;0;1;0;6;490;0;0;0,3364722366;0
2;0;1;0;6;491;1;0;0,1625189295;0
2;0;0;0;6;492;0;0;-0,1177830357;0
2;0;0;0;6;493;1;0;-0,3629054937;0
2;0;0;0;6;494;0;0;1,4350845253;0
2;0;1;0;6;495;1;0,7537718024;0,965080896;1
2;0;1;0;6;496;0;0;-0,1177830357;0
2;0;0;0;6;497;1;0;0,6931471806;0
2;0;0;0;6;498;1;0;0;0
2;0;1;0;6;499;0;0;0,0800427077;0
2;0;1;0;6;500;1;0;0,2623642645;0
2;0;0;0;6;501;0;0;0;0
2;0;1;0;6;502;1;0;0,1177830357;0
2;0;1;0;6;503;1;0;0,1823215568;0
2;0;0;0;6;504;1;0;0,1823215568;0
2;0;0;0;6;505;0;0;0,087011377;0
2;0;1;0;6;506;1;0;0,5306282511;0
2;0;1;0;6;507;1;0,4418327523;0,4418327523;1
2;0;1;0;6;508;0;0;0,7985076962;0
2;0;0;0;6;509;0;0,3794896217;-0,3677247801;1
2;0;0;0;6;510;1;0;0,3483066943;0
2;0;0;0;6;511;0;0,4700036292;0,6418538862;1
2;0;0;0;6;512;1;0;0,5306282511;0
2;0;1;0;6;513;0;0;0,2006706955;0
2;0;0;0;6;514;1;1,32175584;1,0116009117;1
2;0;1;0;6;515;0;0,7419373447;0,7884573604;1
2;0;1;0;6;516;1;1,0986122887;1,1260112629;1
2;0;0;0;6;517;1;0,1941560144;0,2513144283;1
2;0;0;0;6;518;0;0,8109302162;0,8823891802;1
2;0;0;0;6;519;1;0;0,5108256238;0
2;0;1;0;6;520;0;0;0,3746934494;0
2;0;1;0;6;521;1;0;0,9444616088;0
2;0;1;0;6;522;0;0;0,4054651081;0
2;0;0;0;6;523;1;1,6863989536;1,6863989536;1
2;0;1;0;6;524;0;0;0,5108256238;0
2;0;0;0;6;525;0;0;0,2876820725;0
2;0;0;0;6;526;1;0;0;0
2;0;1;0;6;527;0;0;-0,1823215568;0
2;0;1;0;6;528;1;0;0;0
2;0;1;0;6;529;0;0;0,2513144283;0
2;0;1;0;6;530;1;0;-0,4353180713;0
2;0;0;0;6;531;1;0;0,4700036292;0
2;0;0;0;6;532;0;0;0;0
2;0;1;0;6;533;0;0;0;0
2;0;1;0;6;534;1;0;0,0953101798;0
2;0;0;0;6;535;0;0;0;0
2;0;0;0;6;536;1;0;0,3746934494;0
2;0;0;0;6;537;1;0;0,9162907319;0
2;0;0;0;6;538;0;0;0,8472978604;0
2;0;1;0;6;539;1;0;0,9162907319;0
2;0;1;0;6;540;0;0;1,0560526742;0
2;0;0;0;6;541;1;0;1,32175584;0
2;0;0;0;6;542;0;-0,087011377;0;1
2;0;0;0;6;543;0;0;0;0
2;0;1;0;6;544;1;0;0,5108256238;0
2;0;1;0;6;545;0;0;0,4700036292;0
2;0;1;0;6;546;1;0;0,5306282511;0
2;0;1;0;6;547;0;0;0,0800427077;0
2;0;1;0;6;548;1;0;0,7537718024;0
2;0;0;0;6;549;1;0;0,6061358036;0
2;0;1;0;6;550;0;0,2411620568;0,2411620568;1
2;0;1;0;6;551;0;0,6931471806;0,762140052;1
2;0;0;0;6;552;1;0;0,1541506798;0
2;0;1;0;6;553;1;0;0,6359887667;0
2;0;1;0;6;554;0;0;1,2527629685;0
2;0;0;0;6;555;1;0;0,2623642645;0
2;0;0;0;6;556;0;0;0,5306282511;0
2;0;0;0;6;557;1;0;0,887303195;0
2;0;0;0;6;558;0;-0,2231435513;0,6418538862;1
2;0;0;0;6;559;1;0;1,2729656758;0
2;0;1;0;6;560;0;0,3101549283;0,3746934494;1
2;1;1;0;7;641;0;0;0,1053605157;0
2;1;1;0;7;642;1;0;-0,2876820725;0
2;1;0;0;7;643;1;0;0;1
2;1;0;0;7;644;0;0,1053605157;0,1053605157;1
2;1;0;0;7;645;0;0;0;0
2;1;1;0;7;646;1;0;0;0
2;1;1;0;7;647;1;-0,0645385211;0;1
2;1;1;0;7;648;0;0;0,1053605157;0
2;1;1;0;7;649;1;-0,3364722366;0,1941560144;1
2;1;0;0;7;650;1;0;0,2231435513;0
2;1;0;0;7;651;0;0;0,1823215568;0
2;1;0;0;7;652;1;0;0,3483066943;0
2;1;0;0;7;653;0;0;-0,1177830357;0
2;1;0;0;7;654;1;0;0,2876820725;0
2;1;1;0;7;655;0;0,3677247801;-0,5877866649;1
2;1;1;0;7;656;0;0,2623642645;0,2623642645;1
2;1;1;0;7;657;1;0,6539264674;0,6131044729;1
2;1;1;0;7;658;0;0,1541506798;0,1541506798;1
2;1;0;0;7;659;1;0,7472144018;0,7472144018;1
2;1;1;0;7;660;1;0,3746934494;0,3101549283;1
2;1;1;0;7;661;0;0;0,2411620568;0
2;1;0;0;7;662;1;0;0,5753641449;0
2;1;0;0;7;663;0;0;-0,1053605157;0
2;1;0;0;7;664;0;0;0,6190392084;0
2;1;0;0;7;665;1;0,1541506798;0,1053605157;1
2;1;1;0;7;666;0;0,2231435513;0,3184537311;1
2;1;0;0;7;667;1;0,2876820725;0,4418327523;1
2;1;0;0;7;668;1;0,5978370008;0,5978370008;1
2;1;0;0;7;669;0;0,2231435513;0,1541506798;1
2;1;1;0;7;670;0;0,7731898882;0,8472978604;1
2;1;0;0;7;671;1;0,4054651081;0,5877866649;1
2;1;1;0;7;672;0;0,1823215568;0,1823215568;1
2;1;1;0;7;673;1;0;0,6931471806;0
2;1;0;0;7;674;1;0,6418538862;0,6931471806;1
2;1;1;0;7;675;0;0,4418327523;0,5108256238;1
2;1;1;0;7;676;1;0,5465437064;0,5978370008;1
2;1;1;0;7;677;1;0;0,1466034742;0
2;1;1;0;7;678;0;0;0,7731898882;0
2;1;0;0;7;679;0;0,1823215568;0,0953101798;1
2;1;0;0;7;680;0;0;-0,1053605157;0
2;1;0;0;7;681;1;0;0,7985076962;0
2;1;1;0;7;682;1;0;-0,3184537311;0
2;1;1;0;7;683;0;-0,5596157879;-0,5596157879;1
2;1;0;0;7;684;1;0;0,9382696386;0
2;1;1;0;7;685;0;0,3101549283;0,3101549283;1
2;1;1;0;7;686;1;0,6931471806;0,6931471806;1
2;1;0;0;7;687;0;0,2006706955;0,4418327523;1
2;1;1;0;7;688;1;0;0;0
2;1;0;0;7;689;0;1,0414538748;1,0986122887;1
2;1;1;0;7;690;0;0,0689928715;0,2513144283;1
2;1;0;0;7;691;0;0;0,0953101798;0
2;1;0;0;7;692;1;0;0,2876820725;0
2;1;1;0;7;693;1;1,7917594692;1,7491998548;1
2;1;0;0;7;694;1;0;0,1335313926;1
2;1;0;0;7;696;1;1,0498221245;1,0986122887;1
2;1;1;0;7;697;1;0,2006706955;0,2006706955;1
2;1;1;0;7;698;0;0;0,1335313926;0
2;1;0;0;7;699;0;-0,2006706955;0;1
2;1;1;0;7;700;0;0,2876820725;0,3829922523;1
2;1;0;0;7;701;1;0;0,2876820725;0
2;1;1;0;7;702;0;0;0;1
2;1;1;0;7;703;1;0;0;0
2;1;0;0;7;704;0;0,3566749439;0,4054651081;1
2;1;0;0;7;705;0;0,3746934494;0,4353180713;1
2;1;1;0;7;706;1;0;0,0953101798;0
2;1;1;0;7;707;0;-0,2876820725;-0,2876820725;1
2;1;1;0;7;708;1;0;1,2527629685;0
2;1;0;0;7;709;0;0;0,3746934494;0
2;1;1;0;7;710;1;0;0,1177830357;0
2;1;1;0;7;711;1;0,3364722366;0,4054651081;1
2;1;1;0;7;712;1;0;0,2623642645;0
2;1;0;0;7;713;0;0,9985288301;0,9985288301;1
2;1;0;0;7;714;1;0,6931471806;0,6931471806;1
2;1;1;0;7;715;0;0,0425596144;0,0425596144;1
2;1;0;0;7;716;1;-0,0645385211;0;1
2;1;0;0;7;717;0;0,2411620568;0,2411620568;1
2;1;1;0;7;718;0;0;0,2876820725;0
2;1;1;0;7;719;1;0,2623642645;0,2623642645;1
2;1;0;0;7;720;0;-0,0645385211;-0,0645385211;1
2;1;0;0;7;721;1;0,7884573604;0,8329091229;1
2;1;0;0;7;722;0;0,6418538862;0,6418538862;1
2;1;0;0;7;723;1;0,5877866649;0,5877866649;1
2;1;1;0;7;724;1;0,5753641449;0,5753641449;1
2;1;1;0;7;725;0;1,0033021089;1,0360919317;1
2;1;0;0;7;726;1;0,7985076962;0,6931471806;1
2;1;0;0;7;727;0;0,993251773;0,955511445;1
3;2;1;0;9;881;0;0;0;0
3;2;0;1;9;882;1;0;-0,2876820725;0
3;2;0;0;9;883;1;0;-0,0953101798;0
3;2;1;1;9;884;0;-0,2623642645;-0,0800427077;1
3;2;0;0;9;885;0;0;-0,4054651081;0
3;2;1;1;9;886;1;0;-0,4418327523;0
3;2;0;0;9;887;0;-0,7731898882;-0,7731898882;1
3;2;0;0;9;888;1;-0,3022808719;-0,245122458;1
3;2;0;1;9;889;1;0;-0,1823215568;0
3;2;0;1;9;890;0;0;-1,8718021769;0
3;2;0;0;9;891;0;0;-1,2527629685;0
3;2;1;0;9;892;1;0;-0,2513144283;0
3;2;0;0;9;893;1;0;0;0
3;2;1;0;9;894;0;0;0;0
3;2;0;1;9;895;1;0;0;0
3;2;1;0;9;896;0;0;0;1
3;2;1;0;9;897;1;-0,1823215568;0;1
3;2;1;0;9;898;0;-0,2231435513;-0,0689928715;1
3;2;1;0;9;899;0;0;-0,8472978604;0
3;2;0;0;9;900;1;-0,1541506798;-0,2719337155;1
3;2;0;0;9;1329;1;0;-0,3184537311;0
3;2;0;0;9;901;0;0;0,2876820725;0
3;2;1;0;9;902;0;0,2876820725;0;1
3;2;0;1;9;903;1;-2,1972245773;-1,5040773968;1
3;2;0;0;9;904;0;0;-0,6418538862;0
3;2;0;0;9;905;0;0;-1,8325814637;0
3;2;1;0;9;906;1;0,4418327523;0,4418327523;1
3;2;0;0;9;907;0;0;0;0
3;2;1;1;9;908;1;0,1466034742;0,1466034742;1
3;2;0;0;9;909;1;0;0;0
3;2;1;0;9;910;0;0,0741079722;0,0741079722;1
3;2;1;1;9;911;1;0;-0,4054651081;0
3;2;1;0;9;912;1;0;0,1541506798;0
3;2;0;1;9;913;0;0;-0,1053605157;0
3;2;0;0;9;914;1;0;0,0465200156;0
3;2;1;0;9;915;0;0;0,0425596144;0
3;2;1;1;9;916;1;0;-0,4855078158;0
3;2;0;1;9;917;0;0;-0,4054651081;0
3;2;0;1;9;918;0;0;0;0
3;2;0;1;9;919;1;0;0;0
3;2;0;0;9;920;0;0;0;0
3;2;1;0;9;921;1;-0,2231435513;-0,0408219945;1
3;2;0;0;9;922;1;0;-0,087011377;0
3;2;0;0;9;923;0;0;0;0
3;2;1;1;9;924;0;0;-1,7917594692;0
3;2;0;1;9;925;1;0;-0,5108256238;0
3;2;0;0;9;926;0;0;0,4418327523;0
3;2;0;1;9;927;1;0;0;0
3;2;1;1;9;928;0;0;0;0
3;2;0;0;9;929;1;-0,1053605157;-0,1053605157;1
3;2;0;1;9;930;1;0;0;0
3;2;1;1;9;931;0;0,087011377;-0,0953101798;1
3;2;1;0;9;932;1;0;0,1053605157;0
3;2;0;0;9;933;0;0;-0,2231435513;0
3;2;1;0;9;934;0;0;-0,9162907319;0
3;2;1;0;9;935;1;0,3566749439;0,4212134651;1
3;2;0;1;9;936;0;0;-1,9459101491;0
3;2;1;1;9;937;1;0;0,3184537311;0
3;2;1;0;9;938;1;0;-0,9162907319;0
3;2;1;0;9;939;1;0,2876820725;0,2876820725;1
3;2;1;0;9;940;0;0;-0,3101549283;0
3;2;1;0;9;941;0;-1,0986122887;-0,8754687374;1
3;2;0;0;9;942;1;0;-0,4462871026;0
3;2;1;0;9;943;0;0;-0,3364722366;0
3;2;1;1;9;944;1;-1,0296194172;-1,0296194172;1
3;2;1;0;9;945;1;0;0;0
3;2;1;0;9;946;0;0;-1,8325814637;0
3;2;0;1;9;947;1;0;0;0
3;2;0;1;9;948;0;0;0,4054651081;0
3;2;1;0;9;949;1;0;-1,8325814637;0
3;2;1;0;9;950;1;0;-0,3566749439;0
3;2;1;0;9;951;1;1,3862943611;1,2039728043;1
3;2;0;1;9;953;1;-0,2231435513;-0,3566749439;1
3;2;0;0;9;954;1;0;-0,6931471806;0
3;2;1;0;9;955;0;0;-1,6094379124;0
3;2;0;1;9;956;1;-0,2513144283;0;1
3;2;1;1;9;957;0;0;0;0
3;2;0;0;9;958;0;0;-1,5404450409;0
3;2;1;1;9;959;1;0;-0,2231435513;0
3;0;0;1;10;1101;0;0;-0,0953101798;0
3;0;0;1;10;1102;1;0,0606246218;-0,1335313926;1
3;0;1;1;10;1103;0;0;-0,762140052;0
3;0;1;0;10;1104;0;0;0,5389965007;0
3;0;1;0;10;1105;0;0;-0,2231435513;0
3;0;1;1;10;1106;1;0;-1,32175584;0
3;0;1;1;10;1107;1;0;-0,1823215568;0
3;0;0;1;10;1108;0;0;0,5108256238;0
3;0;1;1;10;1109;1;0;-0,1397619424;0
3;0;1;1;10;1110;0;0;-0,2231435513;0
3;0;0;1;10;1111;0;0;-0,087011377;0
3;0;0;1;10;1112;1;0;0,6325225587;0
3;0;0;1;10;1113;0;0;-0,1177830357;0
3;0;1;1;10;1114;1;0,1941560144;0,0689928715;1
3;0;0;1;10;1115;0;0;0,6190392084;0
3;0;1;1;10;1116;1;0;0,4054651081;0
3;0;0;0;10;1117;1;0;0,3136575589;0
3;0;1;1;10;1118;0;0;0,4700036292;0
3;0;1;0;10;1119;1;0;0;0
3;0;1;1;10;1120;0;0;-0,0953101798;0
3;0;1;1;10;1121;1;0,7949298749;0,762140052;1
3;0;0;0;10;1122;1;1,2163953243;1,2163953243;1
3;0;1;0;10;1123;0;0;0,1335313926;0
3;0;0;0;10;1124;1;0;-0,1431008436;0
3;0;0;1;10;1125;1;0;-0,0487901642;0
3;0;0;1;10;1126;1;0;-0,2231435513;0
3;0;1;1;10;1127;0;0;-0,1823215568;0
3;0;0;1;10;1128;1;0;-1,1631508098;0
3;0;1;0;10;1078;0;0;0;0
3;0;0;1;10;1129;0;0;-1,3862943611;0
3;0;1;1;10;1130;1;0;-0,1823215568;0
3;0;0;1;10;1131;0;0;0;0
3;0;1;1;10;1077;1;0;-0,980829253;0
3;0;0;0;10;1132;0;0,087011377;0,087011377;1
3;0;0;1;10;1133;0;0;-0,5108256238;0
3;0;1;0;10;1134;0;0,1177830357;0,4054651081;1
3;0;1;0;10;1135;1;0;0;0
3;0;1;1;10;1136;1;0;0;0
3;0;1;1;10;1137;0;0;0,1823215568;0
3;0;1;1;10;1138;1;0;-1,5040773968;0
3;0;0;0;10;1139;0;0;-0,3184537311;0
3;0;0;1;10;1140;1;0;-1,2527629685;0
3;0;0;0;10;1141;0;-0,0800427077;-0,0800427077;1
3;0;0;0;10;1142;1;0,2113090937;0,2113090937;1
3;0;0;1;10;1143;0;0;0;0
3;0;0;1;10;1144;1;0;0;0
3;0;0;1;10;1145;1;-0,0606246218;-0,1941560144;1
3;0;1;0;10;1146;0;0;0,1823215568;0
3;0;1;1;10;1147;0;0;-0,1541506798;0
3;0;1;1;10;1148;1;-0,3184537311;-0,3184537311;1
3;0;0;1;10;1149;0;0;-1,8718021769;0
3;0;0;0;10;1150;1;0;-0,1177830357;0
3;0;0;1;10;1151;0;0;0;0
3;0;0;1;10;1152;1;0;0;0
3;0;0;1;10;1153;0;-0,1335313926;-0,1335313926;1
3;0;1;1;10;1154;1;0,6241543091;0,6931471806;1
3;0;0;1;10;1155;0;0,8183103235;0,7576857017;1
3;0;1;0;10;1156;1;0;0,2623642645;0
3;0;1;1;10;1157;1;0;-0,1823215568;0
3;0;0;0;10;1158;0;0;0,0741079722;0
3;0;0;1;10;1159;1;0;0,4519851237;0
3;0;1;1;10;1160;0;0;0;0
3;0;0;1;10;1161;0;0;-1,7491998548;0
3;0;0;1;10;1162;1;0;0,7985076962;0
3;0;0;1;10;1163;0;0;0,0953101798;0
3;0;0;1;10;1164;1;0,2076393648;0,5260930959;1
3;0;1;1;10;1165;0;0;0,6931471806;0
3;0;1;1;10;1166;1;0;-0,3746934494;0
3;0;1;1;10;1167;0;0;0,1541506798;0
3;0;0;0;10;1168;1;0;0,2876820725;0
3;0;1;1;10;1169;0;0;-1,6094379124;0
3;0;1;1;10;1170;0;0;-0,9162907319;0
3;0;1;0;10;1171;1;0,5340824859;0,6325225587;1
3;0;1;1;10;1172;0;0;-0,1053605157;0
3;0;0;1;10;1174;1;0;-1,0116009117;0
3;0;1;1;10;1175;0;0;-0,6931471806;0
3;0;0;0;10;1176;1;0;0,1823215568;0
3;0;1;0;10;1160;1;0;0;0
3;1;0;0;11;1021;0;-0,8754687374;-1,0986122887;1
3;1;1;0;11;1022;0;-0,4418327523;-0,4418327523;1
3;1;1;0;11;1023;1;0,3074846997;0,2468600779;1
3;1;1;0;11;1024;1;0,5306282511;0,5306282511;1
3;1;1;0;11;1025;0;-0,3364722366;-0,3364722366;1
3;1;0;0;11;1026;0;-0,762140052;-0,6286086594;1
3;1;0;0;11;1027;1;-0,7282385004;-0,7282385004;1
3;1;0;0;11;1028;0;0;0,1177830357;1
3;1;0;0;11;1029;1;0;0,1335313926;1
3;1;1;0;11;1030;0;-0,1335313926;0;1
3;1;1;0;11;1031;0;-0,7339691751;-0,5798184953;1
3;1;0;0;11;1032;1;-1,8458266905;-0,8649974375;1
3;1;1;0;11;1033;0;-1,1786549963;-1,1786549963;1
3;1;0;0;11;1034;1;0,3677247801;0,2876820725;1
3;1;1;0;11;1035;0;0,2076393648;0,2076393648;1
3;1;0;0;11;1036;0;0;0;0
3;1;1;0;11;1037;0;0;0;0
3;1;0;0;11;1038;1;0;0,1823215568;0
3;1;1;0;11;1039;1;0,2623642645;0,2623642645;1
3;1;0;0;11;1040;0;0,5877866649;0,5877866649;1
3;1;0;0;11;1041;0;0;2,3671236141;0
3;1;1;0;11;1042;1;0;-0,1177830357;1
3;1;0;0;11;1043;0;0;0,6931471806;0
3;1;1;0;11;1044;1;-0,1823215568;-0,087011377;1
3;1;1;0;11;1045;1;-0,1397619424;-0,1397619424;1
3;1;0;0;11;1046;0;0;0,4924764851;0
3;1;0;0;11;1047;0;-0,2231435513;-0,2231435513;1
3;1;1;0;11;1048;1;-0,1541506798;-0,1541506798;1
3;1;0;0;11;1049;0;-0,1177830357;-0,1177830357;1
3;1;1;0;11;1050;0;0;0;0
3;1;0;0;11;1051;1;0,1053605157;0,1053605157;1
3;1;0;0;11;1052;1;0,2623642645;0,2623642645;1
3;1;0;0;11;1053;0;-0,2623642645;-0,2623642645;1
3;1;0;0;11;1054;1;-0,3053816496;-0,3053816496;1
3;1;0;0;11;1055;0;0,0953101798;0,0953101798;1
3;1;1;0;11;1080;1;NA;NA;1
3;1;1;0;11;1156;0;0,2876820725;0,2876820725;1
3;1;0;0;11;1079;1;0;NA;0
3;1;0;0;11;1057;0;-0,2876820725;-0,2876820725;1
3;1;0;0;11;1058;1;-0,8266785732;-0,8266785732;1
3;1;1;0;11;1081;1;0;0;0
3;1;1;0;11;1082;0;-0,4700036292;-0,4700036292;1
3;1;1;0;11;1083;1;-0,245122458;-0,245122458;1
3;1;0;0;11;1084;0;-0,5389965007;-0,6931471806;1
3;1;0;0;11;1085;1;0;-0,3483066943;0
3;1;0;0;11;1086;0;0;-0,5389965007;0
3;1;1;0;11;1087;0;-0,5007752879;-0,5007752879;1
3;1;0;0;11;1088;1;-1,0296194172;-1,2527629685;1
3;1;1;0;11;1089;0;-0,0444517626;-0,245122458;1
3;1;1;0;11;1090;1;0;-0,0606246218;0
3;1;0;0;11;1091;0;0;-1,6094379124;0
3;1;1;0;11;1092;1;-0,3184537311;-0,4519851237;1
3;1;1;0;11;1093;0;-0,4054651081;-0,6931471806;1
3;1;0;0;11;1094;0;0;-0,1541506798;0
3;1;1;0;11;1095;1;-0,0800427077;-0,0800427077;1
3;1;0;0;11;1096;1;1,2039728043;1,2039728043;1
3;1;1;0;11;1097;1;0;0;0
3;1;0;0;11;1098;0;0;-1,2039728043;0
3;1;1;0;11;1099;1;0;-0,0689928715;0
3;1;1;0;11;1100;0;-1,1631508098;-0,980829253;1
3;1;0;0;11;1101;0;0;-0,0408219945;0
3;1;0;0;11;1102;1;0;0;0
3;1;1;0;11;1103;1;-0,8472978604;-1,2527629685;1
3;1;1;0;11;1104;0;0;-0,6061358036;0
3;1;0;0;11;1105;1;0;-0,5877866649;0
3;1;1;0;11;1106;1;-0,037740328;-0,037740328;1
3;1;1;0;11;1107;0;0;0,3074846997;0
3;1;1;0;11;1108;1;0;0;0
3;1;1;0;11;1109;0;0;-0,1541506798;0
3;1;1;0;11;1110;0;-1,1786549963;-1,1786549963;1
3;1;0;0;11;1111;1;0;0;0
3;1;1;0;11;1112;0;0;-0,4418327523;0
3;1;0;0;11;1113;1;0;-0,2231435513;0
3;1;0;0;11;1114;0;0;-1,2039728043;0
3;1;0;0;11;1115;1;0;-0,0571584138;0
3;1;1;0;11;1116;1;0,1226023221;0,1967102942;1
3;1;0;0;11;1117;1;0;-0,4054651081;0
3;1;0;0;11;1118;1;-1,2527629685;-1,2527629685;1
3;1;1;0;11;1119;1;-0,9162907319;0,1823215568;1
3;1;0;0;11;1120;1;0;-0,4855078158;0
3;1;0;0;11;1159;0;0;0;0
4;2;1;0;13;360;1;0,6931471806;0,7472144018;1
4;2;0;0;13;361;0;0;-0,202940844;0
4;2;0;0;13;362;0;-0,5306282511;-0,3483066943;1
4;2;0;0;13;363;1;0;0,0645385211;0
4;2;0;0;13;364;0;0;0,2411620568;0
4;2;1;0;13;365;0;0;0,087011377;0
4;2;0;0;13;366;1;0;-0,2876820725;0
4;2;0;0;13;367;0;0;0,9444616088;0
4;2;1;0;13;368;1;0,3829922523;0,4700036292;1
4;2;1;0;13;369;1;0,4307829161;0,5260930959;1
4;2;1;0;13;370;1;0;0;0
4;2;1;0;13;371;0;0;0,4924764851;0
4;2;1;0;13;372;0;0,3566749439;0,3566749439;1
4;2;1;0;13;373;1;0,4054651081;0,4519851237;1
4;2;1;0;13;374;1;0;0;0
4;2;0;0;13;375;1;0;-0,5306282511;0
4;2;1;0;13;376;0;0;0;0
4;2;0;0;13;377;1;0;-0,4054651081;0
4;2;1;0;13;378;0;0;-0,1541506798;0
4;2;0;0;13;379;1;0;-0,6931471806;0
4;2;1;0;13;380;0;0;0,6931471806;0
4;2;1;0;13;381;0;0;-0,6931471806;0
4;2;0;0;13;382;1;0;0;0
4;2;0;0;13;383;1;0;-0,1941560144;0
4;2;1;0;13;384;0;0;0,087011377;0
4;2;1;0;13;385;0;0;-0,6931471806;0
4;2;1;0;13;386;1;0;0,3502024294;0
4;2;0;0;13;387;1;0;-1,2527629685;0
4;2;0;0;13;388;1;0,3184537311;0,3184537311;1
4;2;0;0;13;389;0;-0,5232481438;-0,5232481438;1
4;2;1;0;13;390;1;0;0,2876820725;0
4;2;0;0;13;391;0;0;0,0425596144;0
4;2;1;0;13;392;0;0;-0,9631743178;0
4;2;0;0;13;393;1;0;-0,6931471806;0
4;2;1;0;13;394;1;0;-0,4054651081;0
4;2;0;0;13;395;0;0;0,0953101798;0
4;2;0;0;13;396;0;0;-0,6931471806;0
4;2;0;0;13;397;0;0,0645385211;-0,0689928715;1
4;2;0;0;13;398;0;0;0,5978370008;0
4;2;1;0;13;399;0;0,2876820725;0,4418327523;1
4;2;1;0;13;400;1;0;-0,4328640823;0
4;2;0;0;13;960;0;0;0,5596157879;0
4;2;0;0;13;961;1;-0,6061358036;-0,6061358036;1
4;2;1;0;13;962;0;0,1823215568;0,0645385211;1
4;2;0;0;13;963;1;0;0,3254224004;0
4;2;1;0;13;964;1;0,3829922523;0,3829922523;1
4;2;0;0;13;965;0;-0,955511445;-0,7731898882;1
4;2;0;0;13;966;0;0;0,0645385211;0
4;2;1;0;13;967;0;0;0,2411620568;0
4;2;0;0;13;968;1;0;-0,6931471806;0
4;2;0;0;13;969;0;0;-0,4054651081;0
4;2;1;0;13;970;0;0;-0,6931471806;0
4;2;0;0;13;971;1;0;0,4595323294;0
4;2;0;0;13;972;0;0;-0,4855078158;0
4;2;1;0;13;973;1;0;-0,9162907319;0
4;2;1;0;13;974;0;0;-0,5596157879;0
4;2;1;0;13;975;1;-0,7884573604;-0,7884573604;1
4;2;0;0;13;976;0;-0,2231435513;-0,4054651081;1
4;2;1;0;13;977;0;0,3566749439;0,3566749439;1
4;2;0;0;13;978;1;0;0,3566749439;0
4;2;1;0;13;979;0;0;-0,6931471806;0
4;2;0;0;13;980;0;0;-0,3184537311;0
4;2;0;0;13;981;1;0;0;0
4;2;1;0;13;982;0;0;0,2231435513;0
4;2;0;0;13;983;0;0;-0,1397619424;0
4;2;1;0;13;984;1;0;0,1541506798;0
4;2;1;0;13;985;1;-0,1541506798;-0,0487901642;1
4;2;0;0;13;986;1;0,2623642645;0,3364722366;1
4;2;0;0;13;987;0;0;-0,0689928715;0
4;2;0;0;13;988;0;0;-1,3437347467;0
4;2;1;0;13;989;1;0;0,3184537311;0
4;2;0;0;13;990;1;0;0,2231435513;0
4;2;1;0;13;991;1;-0,6190392084;0,0741079722;1
4;2;1;0;13;992;1;0;0,2135741003;0
4;2;1;0;13;993;0;0;-0,2513144283;0
4;2;1;0;13;994;1;0;-0,4054651081;0
4;2;0;0;13;995;1;0;-0,2623642645;0
4;2;1;0;13;996;0;0;-0,7537718024;0
4;2;0;0;13;997;1;0;-0,5596157879;0
4;0;1;0;14;281;0;0;1,0986122887;0
4;0;0;0;14;282;1;0,8209805521;0,8602012652;1
4;0;1;0;14;283;1;0;1,6700625343;0
4;0;0;0;14;284;1;0;0,7472144018;0
4;0;0;0;14;285;1;0;0,980829253;0
4;0;0;0;14;286;0;0,8362480242;0,8362480242;1
4;0;0;0;14;287;0;0;1,0360919317;0
4;0;0;0;14;288;0;0,8266785732;0,8266785732;1
4;0;0;0;14;289;1;0,2162231085;0,3215836241;1
4;0;0;0;14;290;0;0,4613455665;0,5447271754;1
4;0;1;0;14;291;0;0;0,3254224004;0
4;0;0;0;14;292;1;0;0,7765287895;0
4;0;0;0;14;293;0;0,424883194;0,4626235219;1
4;0;0;0;14;294;1;0;-0,1431008436;0
4;0;1;0;14;295;0;0,9162907319;0,9162907319;1
4;0;0;0;14;296;0;0;0,1541506798;0
4;0;1;0;14;297;1;0;0,6592456289;0
4;0;0;0;14;298;0;0;1,3499267169;0
4;0;0;0;14;299;1;0;0,7801585575;0
4;0;0;0;14;300;1;0;0,8209805521;0
4;0;1;0;14;301;0;0,6418538862;0,8329091229;1
4;0;1;0;14;302;0;0;0;0
4;0;1;0;14;303;1;0,6931471806;0,7375989431;1
4;0;1;0;14;304;0;0;0,6418538862;0
4;0;1;0;14;305;0;0;0,4700036292;0
4;0;0;0;14;306;0;0,1923718926;0,2411620568;1
4;0;1;0;14;307;0;0;0,5212969236;0
4;0;1;0;14;308;1;0;0,6390799593;0
4;0;0;0;14;309;0;0,7375989431;0,8209805521;1
4;0;1;0;14;310;1;0;0,3101549283;0
4;0;0;0;14;311;0;0,5260930959;0,4795730803;1
4;0;0;0;14;312;0;1,0116009117;1,0704414117;1
4;0;0;0;14;313;0;0;1,1631508098;0
4;0;1;0;14;314;1;0;1,0116009117;0
4;0;0;0;14;315;1;0,4795730803;0,5705448585;1
4;0;0;0;14;316;1;0;0;0
4;0;0;0;14;317;0;0;0,4519851237;0
4;0;1;0;14;318;1;0,2336148512;0,3136575589;1
4;0;1;0;14;319;0;0,980829253;1,0761394328;1
4;0;0;0;14;320;0;1,0498221245;1,0986122887;1
4;0;0;0;14;321;1;0,9614111672;0,9614111672;1
4;0;1;0;14;322;0;0;0,6418538862;0
4;0;1;0;14;323;0;0,4924764851;0,5465437064;1
4;0;1;0;14;324;0;1,4733057381;1,5141277326;1
4;0;0;0;14;325;0;0,893817876;0,9382696386;1
4;0;0;0;14;326;1;1,0159205728;0,980829253;1
4;0;1;0;14;327;1;1,2809338455;1,2809338455;1
4;0;1;0;14;328;0;1,6582280766;1,7272209481;1
4;0;1;0;14;329;1;1,3499267169;1,4552872326;1
4;0;0;0;14;330;0;1,2685113255;1,2992829841;1
4;0;0;0;14;331;1;0;0;0
4;0;1;0;14;332;0;1,064710737;1,064710737;1
4;0;1;0;14;333;0;1,5404450409;1,6739764336;1
4;0;0;0;14;334;1;0,6021754024;0,6931471806;1
4;0;1;0;14;335;0;0,6931471806;1,1314021115;1
4;0;1;0;14;336;1;1,2729656758;1,312186389;1
4;0;1;0;14;337;0;0;0,6931471806;0
4;0;1;0;14;338;1;0;2,8903717579;0
4;0;1;0;14;339;0;2,9957322736;2,9444389792;1
4;0;0;0;14;340;1;0;0,3184537311;0
4;0;0;0;14;341;0;0;1,0986122887;0
4;0;0;0;14;342;1;0;0,7731898882;0
4;0;0;0;14;343;0;0;0;0
4;0;0;0;14;344;0;0;1,0986122887;0
4;0;1;0;14;345;1;0,5389965007;0,5389965007;1
4;0;1;0;14;346;0;0;0,2876820725;0
4;0;1;0;14;347;0;0,5108256238;0,5753641449;1
4;0;0;0;14;348;1;0;0,6931471806;0
4;0;1;0;14;349;1;0;0,1053605157;0
4;0;1;0;14;350;1;0,980829253;0,980829253;1
4;0;0;0;14;351;0;0,7985076962;0,893817876;1
4;0;0;0;14;352;1;0;0,3184537311;0
4;0;1;0;14;353;0;1,0986122887;1,0986122887;1
4;0;0;0;14;354;1;0,6539264674;0,8362480242;1
4;0;1;0;14;355;0;0,7985076962;0,7472144018;1
4;0;0;0;14;356;0;0,8329091229;0,7884573604;1
4;0;1;0;14;357;1;0;0,1053605157;0
4;0;1;0;14;358;1;0;0,1335313926;0
4;0;1;0;14;359;0;0,5978370008;0,6931471806;1
4;1;1;0;15;1451;1;0;0,2876820725;0
4;1;0;0;15;1452;0;0;0,1335313926;0
4;1;0;0;15;1453;1;0;-0,4054651081;0
4;1;0;0;15;1454;0;0;-1,2527629685;0
4;1;1;0;15;1455;0;-1,064710737;-0,8823891802;1
4;1;0;0;15;1456;1;-0,0953101798;0,087011377;1
4;1;0;0;15;1457;0;0;-0,4054651081;0
4;1;0;0;15;1458;1;0;0,8109302162;0
4;1;1;0;15;1459;0;-0,6061358036;-0,2006706955;1
4;1;1;0;15;1460;0;0;-0,4519851237;0
4;1;0;0;15;1461;1;0;-0,1177830357;0
4;1;0;0;15;1462;1;-0,5232481438;-0,5232481438;1
4;1;0;0;15;1463;1;0,5389965007;0,887303195;1
4;1;1;0;15;1464;0;-0,4054651081;-0,4054651081;1
4;1;0;0;15;1465;1;1,0498221245;1,2321436813;1
4;1;1;0;15;1466;0;-0,6567795364;-0,5232481438;1
4;1;1;0;15;1467;1;0;-0,4519851237;0
4;1;1;0;15;1468;0;-0,2876820725;-0,2876820725;1
4;1;0;0;15;1469;0;-0,3677247801;-0,3677247801;1
4;1;0;0;15;1470;1;0,6931471806;0,9162907319;1
4;1;0;0;15;1471;0;0;0,0202027073;0
4;1;1;0;15;1472;1;-0,3364722366;-0,4418327523;1
4;1;1;0;15;1473;1;0,4307829161;0,4307829161;1
4;1;1;0;15;1474;0;-0,1177830357;-0,1177830357;1
4;1;1;0;15;1475;1;0,0512932944;0,2336148512;1
4;1;0;0;15;1476;1;0;0,3746934494;0
4;1;1;0;15;1477;1;-0,5465437064;-0,6418538862;1
4;1;1;0;15;1478;0;-0,2513144283;-0,4054651081;1
4;1;1;0;15;1479;1;-0,2411620568;-0,0741079722;1
4;1;0;0;15;1480;0;-0,1541506798;-0,3364722366;1
4;1;0;0;15;1481;1;0,4418327523;0,4418327523;1
4;1;0;0;15;1482;0;0;-0,1053605157;0
4;1;1;0;15;1483;0;0;0;0
4;1;0;0;15;1484;1;0;0,1823215568;1
4;1;0;0;15;1485;0;-0,2411620568;-0,2411620568;1
4;1;1;0;15;1486;1;0,3483066943;0,2876820725;1
4;1;0;0;15;1487;1;0;-0,1335313926;0
4;1;1;0;15;1488;0;0;-0,5596157879;0
4;1;0;0;15;1489;1;0;0,2623642645;0
4;1;1;0;15;1490;0;0,3794896217;0,4795730803;1
4;1;0;0;15;1491;1;0;0,2876820725;0
4;1;0;0;15;1492;0;-0,5798184953;-0,2231435513;1
4;1;1;0;15;1493;1;0;0,087011377;0
4;1;0;0;15;1494;0;0;0,0800427077;0
4;1;1;0;15;1495;1;-0,1177830357;0,1053605157;1
4;1;0;0;15;1496;0;0;-0,0350913198;0
4;1;1;0;15;1497;1;0,4054651081;0,4054651081;1
4;1;0;0;15;1498;0;-0,5108256238;-0,3566749439;1
4;1;1;0;15;1499;0;0;-0,2876820725;0
4;1;1;0;15;1500;1;0;0,762140052;0
4;1;0;0;15;1501;0;0,6931471806;0,8109302162;1
4;1;0;0;15;1502;1;NA;NA;1
4;1;1;0;15;1503;1;0,6061358036;0,6061358036;1
4;1;0;0;15;1504;0;0,1823215568;0,1823215568;1
4;1;0;0;15;1505;1;-0,109199292;-0,109199292;1
4;1;0;0;15;1506;0;0;0,5108256238;0
4;1;0;0;15;1507;0;0;-0,2231435513;0
4;1;1;0;15;1508;1;-0,2744368457;-0,2231435513;1
4;1;1;0;15;1509;0;-0,2623642645;-0,1670540847;1
4;1;1;0;15;1510;1;0;0,2076393648;0
4;1;0;0;15;1511;0;-0,1541506798;-0,0487901642;1
4;1;1;0;15;1512;1;0,1431008436;0;1
4;1;1;0;15;1513;0;-0,7339691751;-0,7339691751;1
4;1;0;0;15;1514;0;0;-0,2623642645;0
4;1;1;0;15;1515;0;-0,3483066943;-0,1941560144;1
4;1;0;0;15;1516;1;-0,8574502319;-0,7239188392;1
4;1;0;0;15;1517;0;-0,0741079722;0;1
4;1;1;0;15;1518;1;0;-0,0800427077;0
4;1;1;0;15;1519;0;-0,0487901642;0,0465200156;1
4;1;1;0;15;1520;1;0;0;0
4;1;1;0;15;1521;0;0,0741079722;0,0741079722;1
4;1;0;0;15;1522;1;0;0,6359887667;0
4;1;0;0;15;1523;1;0;0,4054651081;0
4;1;1;0;15;1524;0;0,1053605157;0,4418327523;1
4;1;0;0;15;1525;1;0;0;0
4;1;1;0;15;1526;1;0;0;0
4;1;0;0;15;1527;0;0;-0,0953101798;0
4;1;1;0;15;1528;0;0;0,1053605157;0
4;1;0;0;15;1529;1;0;-0,4964368863;0
4;1;0;0;15;1530;1;0;0,1967102942;0
4;1;1;0;15;1531;1;0;NA;0
4;1;1;0;15;1532;0;0;NA;0
1;3;1;0;4;1;1;0;1,234744463;0
1;3;1;0;4;2;0;0;-1,2527629685;0
1;3;0;0;4;3;0;0;0;0
1;3;0;0;4;4;1;0;0;0
1;3;1;0;4;5;0;0;0;0
1;3;1;0;4;6;1;0;0,1177830357;0
1;3;0;0;4;7;0;0;0;0
1;3;1;0;4;8;0;0;-0,1823215568;0
1;3;0;0;4;9;0;0;0,2231435513;0
1;3;0;0;4;10;1;0;0;0
1;3;0;0;4;11;1;0;0;0
1;3;0;0;4;12;0;0;0,1053605157;0
1;3;0;0;4;13;0;0;0;0
1;3;1;0;4;14;1;0;-1,0986122887;0
1;3;1;0;4;15;0;0;0;0
1;3;1;0;4;16;1;0;-1,2527629685;0
1;3;0;0;4;17;0;0;0;0
1;3;1;0;4;18;1;0;-0,4054651081;0
1;3;1;0;4;19;0;0;-0,2231435513;0
1;3;1;0;4;20;1;0;0;0
1;3;1;0;4;21;0;0;0;0
1;3;0;0;4;22;1;0;0;0
1;3;0;0;4;23;1;0;0;0
1;3;0;0;4;24;0;0;0;0
1;3;0;0;4;25;1;0;0,1823215568;0
1;3;0;0;4;26;0;0;0;0
1;3;1;0;4;27;0;0;0;0
1;3;0;0;4;28;1;0;0;0
1;3;1;0;4;29;0;0;0;0
1;3;1;0;4;30;1;0;0;0
1;3;0;0;4;31;1;0;0;0
1;3;1;0;4;32;1;0;0,4700036292;0
1;3;1;0;4;33;0;0;0;0
1;3;0;0;4;34;0;0;0;0
1;3;0;0;4;35;1;0;0,0571584138;0
1;3;0;0;4;36;1;0;0,3566749439;0
1;3;0;0;4;37;1;0;0,1053605157;0
1;3;0;0;4;38;0;0;-0,6931471806;0
1;3;1;0;4;39;1;0;0;0
1;3;0;0;4;40;0;0;0;0
1;3;0;0;4;41;0;0;-0,3566749439;0
1;3;1;0;4;42;1;0;0;0
1;3;0;0;4;43;0;0;0;0
1;3;0;0;4;44;0;0;0;0
1;3;1;0;4;45;0;0;1,7917594692;0
1;3;1;0;4;46;0;0;0;0
1;3;0;0;4;47;1;0;0;0
1;3;1;0;4;48;1;0;1,9459101491;0
1;3;1;0;4;49;0;0;0;0
1;3;0;0;4;50;0;0;0;0
1;3;1;0;4;51;1;0;0,5596157879;0
1;3;1;0;4;52;1;0;0,6931471806;0
1;3;0;0;4;53;1;0;0;0
1;3;1;0;4;54;1;0;1,0986122887;0
1;3;0;0;4;55;0;0;0;0
1;3;0;0;4;56;1;0;0;0
1;3;0;0;4;57;0;0;0,4054651081;0
1;3;1;0;4;58;1;0;0;0
1;3;1;0;4;59;0;0;0;0
1;3;1;0;4;60;1;0;0;0
1;3;1;0;4;61;0;0;0;0
1;3;0;0;4;62;0;0;0,2876820725;0
1;3;1;0;4;63;1;0;NA;0
1;3;1;0;4;64;1;0;-0,6931471806;0
1;3;1;0;4;65;0;0;0;0
1;3;1;0;4;66;1;0;-0,1177830357;0
1;3;1;0;4;67;0;0;0;0
1;3;1;0;4;68;0;0;0;0
1;3;0;0;4;69;1;0;0;0
1;3;0;0;4;70;0;0;0;0
1;3;1;0;4;71;1;0;0;0
1;3;0;0;4;72;0;0;0;0
1;3;0;0;4;73;1;0;0,1541506798;0
1;3;1;0;4;74;0;0;0;0
1;3;0;0;4;75;0;0;0;0
1;3;0;0;4;76;0;0;NA;0
1;3;0;0;4;77;1;0;0;0
1;3;0;0;4;78;1;0;0;0
1;3;0;0;4;79;1;0;0;0
1;3;1;0;4;80;0;0;0;0
1;3;1;0;4;81;0;0;0;0
1;3;0;0;4;82;1;0;0;0
1;3;1;0;4;83;0;0;0,5877866649;0
1;3;1;0;4;84;1;0;NA;0
1;3;0;0;4;85;1;0;NA;0
2;3;1;0;8;401;0;1,1284652518;1,2130226398;1
2;3;1;0;8;402;1;0;0;0
2;3;0;0;8;403;0;0;-1,9459101491;0
2;3;1;0;8;404;1;0;0,6061358036;0
2;3;0;0;8;405;0;0,7985076962;0,8472978604;1
2;3;0;0;8;406;0;1,4663370688;1,5404450409;1
2;3;1;0;8;407;0;0;0;0
2;3;1;0;8;408;1;-0,2231435513;-0,1053605157;1
2;3;1;0;8;409;1;0;0,5877866649;0
2;3;1;0;8;410;0;0;0,1541506798;0
2;3;1;0;8;411;0;0,9382696386;0,980829253;1
2;3;0;0;8;412;1;0;0;0
2;3;0;0;8;413;0;0;1,4663370688;0
2;3;0;0;8;414;1;0;0,1823215568;0
2;3;0;0;8;415;0;0;-0,0800427077;0
2;3;1;0;8;416;1;0;1,0704414117;0
2;3;1;0;8;417;0;-0,4855078158;-0,3677247801;1
2;3;1;0;8;418;1;0;0,3364722366;0
2;3;1;0;8;419;0;0,1335313926;0,5389965007;1
2;3;1;0;8;420;1;1,32175584;1,4170660198;1
2;3;1;0;8;421;0;0;0;0
2;3;0;0;8;422;1;0;0,0741079722;1
2;3;1;0;8;423;0;-1,3862943611;-1,3862943611;1
2;3;0;0;8;424;0;0;0;0
2;3;0;0;8;425;1;0;-1,7917594692;0
2;3;0;0;8;426;1;-0,1823215568;-0,1823215568;1
2;3;1;0;8;427;0;0;-0,4700036292;0
2;3;0;0;8;428;1;0,5389965007;1,1451323043;1
2;3;1;0;8;429;0;1,1349799328;1,0986122887;1
2;3;1;0;8;430;1;0;0,6931471806;0
2;3;0;0;8;431;0;0;0;0
2;3;0;0;8;432;0;0;-1,0116009117;0
2;3;1;0;8;433;1;0;-1,4170660198;0
2;3;0;0;8;434;1;0;0;0
2;3;0;0;8;435;0;0;-0,6061358036;0
2;3;0;0;8;436;1;0;0;0
2;3;1;0;8;437;0;0;0;0
2;3;0;0;8;438;1;0;0,4054651081;0
2;3;1;0;8;439;1;0;0;0
2;3;0;0;8;440;0;0;0;0
2;3;0;0;8;441;1;-1,2237754316;-1,2237754316;1
2;3;0;0;8;442;0;0,6418538862;1,2527629685;1
2;3;0;0;8;443;0;0,4418327523;0,5753641449;1
2;3;1;0;8;444;0;0;0,8329091229;0
2;3;1;0;8;445;1;0,5978370008;1,0360919317;1
2;3;0;0;8;446;1;0,4547361571;0,4547361571;1
2;3;0;0;8;447;1;0;0,6554068526;0
2;3;1;0;8;448;0;0,5978370008;0,5978370008;1
2;3;0;0;8;449;0;0,6931471806;0,8266785732;1
2;3;0;0;8;450;1;0;0,1053605157;0
2;3;0;0;8;451;0;0;0;0
2;3;1;0;8;452;1;0;0;0
2;3;0;0;8;453;0;0;-1,0116009117;0
2;3;1;0;8;454;1;0;0,2076393648;0
2;3;1;0;8;455;0;-0,1823215568;0,4054651081;1
2;3;1;0;8;456;1;0,3794896217;0,4307829161;1
2;3;0;0;8;457;0;0;-0,0800427077;1
2;3;0;0;8;458;1;-0,2411620568;-0,2411620568;1
2;3;0;0;8;459;1;0;-0,087011377;0
2;3;0;0;8;460;0;0;-1,4271163556;0
2;3;1;0;8;461;1;0,1177830357;0,1177830357;1
2;3;1;0;8;462;0;0;-1,7917594692;0
2;3;0;0;8;463;0;0;0,1177830357;0
2;3;0;0;8;464;1;0;0,4855078158;0
2;3;1;0;8;465;0;0;0;0
2;3;1;0;8;466;1;0;0,087011377;0
2;3;0;0;8;467;1;0;-0,0408219945;0
2;3;0;0;8;468;0;0;0;0
2;3;1;0;8;469;0;0;0;0
2;3;1;0;8;470;0;0;0,0953101798;0
2;3;1;0;8;471;1;0;0,4700036292;0
2;3;0;0;8;472;1;-0,1941560144;-0,3483066943;1
2;3;1;0;8;473;0;0,3184537311;0,5596157879;1
2;3;1;0;8;474;1;0,5306282511;0,5877866649;1
2;3;0;0;8;475;1;0,6505875661;0,6061358036;1
2;3;0;0;8;476;0;0;0;0
2;3;1;0;8;477;1;0;-0,1397619424;0
2;3;1;0;8;478;0;0;0;0
2;3;0;0;8;479;0;-0,1053605157;0;1
2;3;0;0;8;480;1;-0,0689928715;-0,0689928715;1
3;3;0;0;12;801;0;0;0;0
3;3;1;0;12;802;1;0;-0,0800427077;1
3;3;0;0;12;803;0;0;0;0
3;3;1;0;12;804;0;0;-0,6931471806;0
3;3;1;0;12;805;1;0;0;0
3;3;0;0;12;806;1;0;-0,0689928715;0
3;3;0;0;12;807;0;0;0;0
3;3;1;0;12;808;1;0;-0,1643030513;0
3;3;1;0;12;809;0;0;0;0
3;3;0;0;12;810;0;-0,328504067;-0,4462871026;1
3;3;1;0;12;811;0;0;0;0
3;3;0;0;12;812;1;0;0,2876820725;0
3;3;0;0;12;813;0;0;0;0
3;3;0;0;12;814;0;0;0;0
3;3;0;0;12;815;1;0;-0,2006706955;0
3;3;1;0;12;816;0;0;0;0
3;3;1;0;12;817;1;0;0;0
3;3;0;0;12;818;0;0;0;0
3;3;0;0;12;819;1;0;0,0741079722;0
3;3;0;0;12;820;1;0;-0,8329091229;0
3;3;1;0;12;821;1;0;-0,2113090937;0
3;3;1;0;12;822;0;0;0;0
3;3;0;0;12;823;0;0;0;0
3;3;0;0;12;824;1;0;-0,9162907319;0
3;3;0;0;12;825;0;0;0;0
3;3;0;0;12;826;1;0;0;0
3;3;0;0;12;827;0;0;0;0
3;3;1;0;12;828;1;0;NA;0
3;3;1;0;12;829;0;0;0;0
3;3;1;0;12;830;1;0;-0,2231435513;0
3;3;1;0;12;831;0;0;0;0
3;3;0;0;12;832;0;0;0;0
3;3;1;0;12;833;1;0;0;0
3;3;1;0;12;834;0;0;0;0
3;3;0;0;12;835;1;0;0,3101549283;0
3;3;1;0;12;836;0;0;0;0
3;3;NA;0;12;836bis;1;0;0;0
3;3;0;0;12;837;0;0;0;0
3;3;0;0;12;838;1;0;0;0
3;3;1;0;12;839;0;0;0;0
3;3;1;0;12;840;0;0;0;0
3;3;0;0;12;841;1;0;0;0
3;3;1;0;12;842;1;0;0;0
3;3;0;0;12;843;0;0;0;0
3;3;1;0;12;844;1;0;0;0
3;3;0;0;12;845;0;0;0;0
3;3;1;0;12;846;1;0;-0,1397619424;0
3;3;0;0;12;847;0;0;0;0
3;3;1;0;12;848;1;0;0,4054651081;0
3;3;1;0;12;849;0;0;0;0
3;3;0;0;12;850;1;0;0,5389965007;0
3;3;0;0;12;851;1;0,1335313926;0,1335313926;1
3;3;1;0;12;852;0;0;0;0
3;3;1;0;12;853;0;0;0;0
3;3;0;0;12;854;0;0;0;0
3;3;0;0;12;855;1;0;0;0
3;3;0;0;12;856;0;0;0;0
3;3;0;0;12;857;1;0,1335313926;0,1335313926;1
3;3;1;0;12;858;0;0;0;0
3;3;0;0;12;859;1;0;0;0
3;3;1;0;12;860;1;0;-0,087011377;0
3;3;0;0;12;861;0;0;0;0
3;3;0;0;12;862;1;0;0;0
3;3;0;0;12;863;0;0;0;0
3;3;0;0;12;864;0;0;0,3566749439;0
3;3;1;0;12;865;1;0;0;0
3;3;0;0;12;866;1;0;0,3184537311;0
3;3;1;0;12;867;0;0;0;0
3;3;0;0;12;868;1;0;-0,7537718024;0
3;3;1;0;12;869;0;0;0;0
3;3;1;0;12;870;0;0;0;0
3;3;1;0;12;871;1;0;0;0
3;3;1;0;12;872;1;0;0;0
3;3;1;0;12;873;0;0;0;0
3;3;1;0;12;874;1;0;-0,980829253;0
3;3;0;0;12;875;0;0;-0,2876820725;0
3;3;0;0;12;876;1;0;0;0
3;3;0;0;12;877;0;0;0;0
3;3;0;0;12;878;1;0;-0,8649974375;0
4;3;0;0;16;201;0;0;0;0
4;3;0;0;16;202;1;-0,1670540847;0;1
4;3;1;0;16;203;1;0;-0,8329091229;0
4;3;1;0;16;204;0;0;-2,1400661635;0
4;3;1;0;16;205;1;-0,3001045925;-0,2047944126;1
4;3;0;0;16;206;0;0;-0,457424847;0
4;3;1;0;16;207;0;0;-0,0645385211;1
4;3;1;0;16;208;1;0;-2,0149030205;0
4;3;1;0;16;209;1;-0,6061358036;-0,4519851237;1
4;3;1;0;16;210;0;0;-1,211940974;0
4;3;1;0;16;211;0;0;-1,4170660198;0
4;3;1;0;16;212;1;-0,8574502319;-0,8574502319;1
4;3;0;0;16;213;0;0;-0,9490805547;0
4;3;1;0;16;214;1;0;-1,2527629685;0
4;3;1;0;16;215;0;0,1053605157;0,1053605157;1
4;3;1;0;16;216;0;0;0;0
4;3;0;0;16;217;1;0;-1,0986122887;0
4;3;1;0;16;218;0;-1,9459101491;-0,1541506798;1
4;3;0;0;16;219;1;0;0;0
4;3;0;0;16;220;0;0;-2,6390573296;0
4;3;1;0;16;221;1;0;0;0
4;3;1;0;16;222;0;0;-0,2876820725;0
4;3;0;0;16;223;0;0;-0,9162907319;0
4;3;1;0;16;224;1;0,5978370008;0,5978370008;1
4;3;1;0;16;225;0;0;0;0
4;3;0;0;16;226;1;0;0;0
4;3;0;0;16;227;1;0;0;0
4;3;1;0;16;228;0;0;-2,3513752572;0
4;3;0;0;16;229;0;0;0;0
4;3;0;0;16;230;1;0;-1,4663370688;0
4;3;1;0;16;231;0;0;-0,1397619424;0
4;3;1;0;16;232;1;0;-1,8325814637;0
4;3;1;0;16;233;1;0;0;0
4;3;0;0;16;234;0;0;0;0
4;3;1;0;16;235;0;0;0;0
4;3;0;0;16;236;1;0;0;0
4;3;1;0;16;237;0;0;0;0
4;3;1;0;16;238;1;0;0,1053605157;0
4;3;0;0;16;239;1;0;-0,2231435513;0
4;3;1;0;16;280;0;0;-1,6094379124;0
4;3;1;0;16;240;1;0;-0,1670540847;0
4;3;1;0;16;241;0;0;0,1335313926;0
4;3;0;0;16;242;1;0;0;0
4;3;0;0;16;243;0;0;-1,3862943611;0
4;3;1;0;16;244;1;0;0;0
4;3;1;0;16;245;1;0;0;0
4;3;0;0;16;246;1;0;0;0
4;3;1;0;16;247;0;0;0;0
4;3;0;0;16;248;0;0,1466034742;0,2336148512;1
4;3;0;0;16;249;0;0;-1,0296194172;0
4;3;1;0;16;250;1;0;-0,1053605157;1
4;3;0;0;16;251;0;0;0,3448404863;0
4;3;0;0;16;252;1;0;-0,1335313926;0
4;3;0;0;16;253;0;0;-0,4054651081;0
4;3;0;0;16;254;1;0;0;0
4;3;1;0;16;255;1;0;0;0
4;3;0;0;16;256;1;0;0;0
4;3;0;0;16;257;0;0;0;0
4;3;0;0;16;258;0;0;0;0
4;3;0;0;16;259;1;-0,4964368863;-0,4964368863;1
4;3;1;0;16;260;0;0;0;0
4;3;1;0;16;261;1;-0,1278333715;-0,1278333715;1
4;3;0;0;16;262;0;0,0645385211;-0,0689928715;1
4;3;0;0;16;263;0;0;-0,0606246218;0
4;3;1;0;16;264;1;-0,245122458;-0,3629054937;1
4;3;0;0;16;265;0;0;-0,2513144283;0
4;3;0;0;16;266;1;0;0,6931471806;0
4;3;1;0;16;267;0;0;-0,0800427077;0
4;3;0;0;16;268;1;0;-0,087011377;0
4;3;1;0;16;269;0;0;-0,4054651081;0
4;3;0;0;16;270;1;1,1394342832;0,6286086594;1
4;3;0;0;16;271;1;0;0,5533852382;0
4;3;0;0;16;272;0;0;0;0
4;3;0;0;16;273;0;0;0;0
4;3;0;0;16;274;1;0;0,2682639866;0
4;3;1;0;16;275;1;0;0;0
4;3;1;0;16;276;0;0;0;0
4;3;1;0;16;277;1;-0,1431008436;0,125163143;1
4;3;0;0;16;278;0;0;-0,3364722366;0
4;3;0;0;16;279;1;0;0;0
